relative_path	drive_file_id	drive_size	local_size	sha256	drive_mime	drive_modified_time
Apps/fatoora	1LUN2PncBKApcXme6jz1bphRECo6wZQdB	341	341	ca5ae04a94c1555b6b6b37129dbc0d37b1ccc678b6158d28fc2b5421a257aa09	application/x-shellscript	2022-05-11T08:15:20Z
Apps/fatoora.ba_	1iauKfaMw5MAxyaTgzCp4iGOXdKmYvrbY	490	490	6c57f361abb65f1ee02997533fc0274687b27cb4931b40225c194dbd3562075e	application/octet-stream	2022-05-11T08:15:20Z
Apps/global.json	1eZQ7xRHtAmTttOOMXKj0cNEzla789L8N	51	51	a0cd53a641a77f25c37a5bced6bc982f85dab59dd125948d1feef7ad7a125cd8	application/json	2022-05-11T11:15:40Z
Apps/jq.ex_	1piGdkKSEKP1bHH4_JRgIEGnFfjXg3sCJ	3525307	3525307	a51d36968dcbdeabb3142c6f5cf9b401a65dc3a095f3144bd0c118d5bb192753	application/x-dosexec	2022-05-11T08:15:20Z
Configuration/config.json	178km6gxPPeRTorS6v98bRHV_tTFY7aYx	725	725	df8781673870d9eb474e176aa22cd25ed15770e366616fa5267cf709bc51068b	application/json	2022-05-11T11:18:28Z
Configuration/defaults.json	1yCRbm4vQJb1lbFpsZHfKWC0xv3M0MV_X	507	507	829da7fd0712dee5d2d890b8a4e52d4170706022dc3c4ab0cca48dc0518248c3	application/json	2022-05-11T08:15:20Z
Configuration/jq.ex_	1j5liqJ0W8RNXYSfAyV_Arprjxr5si-Ui	3525307	3525307	a51d36968dcbdeabb3142c6f5cf9b401a65dc3a095f3144bd0c118d5bb192753	application/x-dosexec	2022-05-11T08:15:20Z
Configuration/usage.txt	1rMotO5VmP9jczqQ0h60w5ugb_DJLhO4z	908	908	7c387f579437e0daf93593ca3d770ab150eaca4f101274643669fc053d2c17da	text/plain	2022-05-11T08:15:20Z
Data/Certificates/cert.pem	198-2sJkuI1J5v5knexwES8FZ2scHPddI	1360	1360	69a95fc237b42714dc4457a33b94cc452fd9f110504c683c401144d9544894fb	application/x-x509-ca-cert	2022-05-11T08:15:20Z
Data/Certificates/ec-secp256k1-priv-key.pem	1w1F2LZ4i56E_KvMtFs2V7MjJ3QJTrRfj	160	160	1fdf6a61e7a4ec87c84b32315282f8406cdbd30f992c24da4fc6d8e288525651	application/x-x509-ca-cert	2022-05-11T08:15:20Z
Data/Input/csr-config-example.properties	1vmbFjznffKflNSJIbSrf4PqfeyOUcdY6	341	341	bf3299723d2c84a263acf5e782e609aa13f230489b054f179a0e2cfeee887b21	application/octet-stream	2022-05-11T08:15:20Z
Data/Input/csr-config-template.properties	1IeFE54878R4fhmOnXVoNSbpJCRwbpyAw	215	215	4b6a37ed39f523a4dd2fa729d84b7a1d90411aad1f1f2adabfd50ba92a94746f	application/octet-stream	2022-05-11T08:15:20Z
Data/PIH/pih.txt	1GcRLQMIu3aB5c-QdIknS2YJh8kChaOrY	88	88	b4e7127a3f4e7a4be7047dfb5c87d2982275d49c6f41574b6aaf1c7ee91171b7	text/plain	2022-05-11T08:15:20Z
Data/Rules/schematrons/20210819_ZATCA_E-invoice_Validation_Rules.xsl	1OpfMLPrYS-PTzVc1drG-REPiIbkwjekQ	253122	253122	e911003eba9ad2531789dc96cf15c616316fe8da3b54d16c84a4842cbdd828ff	text/xml	2022-05-11T08:15:20Z
Data/Rules/schematrons/CEN-EN16931-UBL.xsl	1pK0efXtH4OaxboF5aopytihxc0jQFLYK	211571	211571	50e283515054c95ec5bd03a937e5dd3f5bf09c2a2e9fd1f4b330c6e4856aaec4	text/xml	2022-05-11T08:15:20Z
Data/Schemas/xsds/UBL2.1/xsd/common/CCTS_CCT_SchemaModule-2.1.xsd	1uqeeuTRWmtzVnfyLXVUaySHDhMod2_dT	45268	45268	dd546e4809df86b6445589f69f0d6c9df162840ae386574ddfc1da7638103e15	text/xml	2022-05-11T08:15:20Z
Data/Schemas/xsds/UBL2.1/xsd/common/UBL-CommonAggregateComponents-2.1.xsd	1x3_bgZj9y-RShB_aFHl0Jf3L8bV48hD-	2572115	2572115	9bd9582ed0c575d929dba2a9c9bfd97f97ceb0e758aa8d8ea259b8ae3ef1c250	application/octet-stream	2022-05-11T08:15:20Z
Data/Schemas/xsds/UBL2.1/xsd/common/UBL-CommonBasicComponents-2.1.xsd	1BRYIQOCxz3FoFNLhJ3pK8NimQhtBqm_m	219895	219895	bd4ad043ee1d9da1c7f8018dabf739cfafdfb59143d0d16b9ef769e6b7c408a7	text/xml	2022-05-11T08:15:20Z
Data/Schemas/xsds/UBL2.1/xsd/common/UBL-CommonExtensionComponents-2.1.xsd	1RVeJL5yNUS1kZA22SoR6oZW5QtmFWtvF	9491	9491	ad7a4e490978adfbcfc5ec0bb20941cf11ac960ccf0c4de8791a7c731a8dbe87	text/xml	2022-05-11T08:15:20Z
Data/Schemas/xsds/UBL2.1/xsd/common/UBL-CommonSignatureComponents-2.1.xsd	1LO0xUKOmvLx0bFZl8q_fAgXVjVmDo1wL	5548	5548	3db472305f029bba5c1ae157bfd0178f715c3f9b94bd8e6c557dbce5e88da874	text/xml	2022-05-11T08:15:20Z
Data/Schemas/xsds/UBL2.1/xsd/common/UBL-CoreComponentParameters-2.1.xsd	15YsVfPjwwdD7_vE0oa0XJNwA8-9xU1gg	3173	3173	8be3379dbdcbcc7802fafdd16bac72c48fff1c0bb364213a31a17911dd06100b	text/xml	2022-05-11T08:15:20Z
Data/Schemas/xsds/UBL2.1/xsd/common/UBL-ExtensionContentDataType-2.1.xsd	1dcXSQTvpjIEZcC-XysYPFvxAANKyqUVr	4314	4314	fcee77a11870208e6377ea6311b9f2a050bca24bdad8606ea02d71e9f9e72f8d	text/xml	2022-05-11T08:15:20Z
Data/Schemas/xsds/UBL2.1/xsd/common/UBL-QualifiedDataTypes-2.1.xsd	1fGi5fcZfziYNG8nZMwHZmO3ISULXolUH	3590	3590	7dcb156e610239c97ae70940cf4653b88e48c3595bf5f56a2204a32e2893e6cf	text/xml	2022-05-11T08:15:20Z
Data/Schemas/xsds/UBL2.1/xsd/common/UBL-SignatureAggregateComponents-2.1.xsd	1KlTbCN6a0z1LPb4MNtoSacJUSfHHtuLB	7784	7784	17bb6b62d709b4fd81449a37655af36aa6a1276ad4fdb1b2e249a5ed4b7c2172	text/xml	2022-05-11T08:15:20Z
Data/Schemas/xsds/UBL2.1/xsd/common/UBL-SignatureBasicComponents-2.1.xsd	16JStJyaJQPxOcjvXEXi6Z932dio28sS8	4207	4207	cef924d7ba3d1d8ade14469325cde1364f8c174e46f0198ec02da8e9e748a489	text/xml	2022-05-11T08:15:20Z
Data/Schemas/xsds/UBL2.1/xsd/common/UBL-UnqualifiedDataTypes-2.1.xsd	1fbqsX7jCclm6TFkWCszvU-HkVPk9k77U	27300	27300	09052d406b4293e2a5f9c2bfee6df10ad4d8d5f0b36e24a6349d7f7936d89eb6	text/xml	2022-05-11T08:15:20Z
Data/Schemas/xsds/UBL2.1/xsd/common/UBL-XAdESv132-2.1.xsd	1O6GefxqEsF6oxeIk93NXCHdgRJ233UCy	21664	21664	a4f726bcf8cc3f7d9ffa4dab99e005535a8e8b60dced1e5d94578d2e05afa96e	text/xml	2022-05-11T08:15:20Z
Data/Schemas/xsds/UBL2.1/xsd/common/UBL-XAdESv141-2.1.xsd	1xSETxfSeR0tLLkFnhIYfKUaFXnf_icsN	1316	1316	1fa4625e9cefcb7a9abb5ac1b64315547450031eece8a55bd584e4ba4b79dbc1	text/xml	2022-05-11T08:15:20Z
Data/Schemas/xsds/UBL2.1/xsd/common/UBL-xmldsig-core-schema-2.1.xsd	152XugXn0SRHA3wiEK3qE6Gu-qgs1VbkM	10750	10750	101909c9f06456d61ddcc4fb982f1d40dc357b439f393b1a2eb46e42acd60809	text/xml	2022-05-11T08:15:20Z
Data/Schemas/xsds/UBL2.1/xsd/maindoc/UBL-Invoice-2.1.xsd	1JzDeDgVDG0fIEGWEmGv6_525n1PlyAt7	60178	60178	40fae8cb436f3a9506d7acce65ba162caef3b0bed4d5cbc0992b2153ded4edf4	text/xml	2022-05-11T08:15:20Z
LICENSE.txt	1e-YLe5xKE6mPKF9JeW7yfOzT6NdQ9NrO	7424	7424	136b89bba2166b2f43688b27f553a29a55fad45c5a55fd3cf0a7d1186006a242	text/plain	2022-05-11T08:15:20Z
Readme/readme.pdf	1n78h-JndgA8FacTLZD3C-jgORjJ7Xzwk	242727	242727	1b31b6bd8b0842731ae529871e303c7365b0d2726d3518cc6d085cc037733e8c	application/pdf	2022-05-11T08:15:20Z
Readme/readme.rtf	1kZiG92iyKFDzNJOGM7Qk-KgZ2PW_3eRb	204201	204201	6f7cd47e3c45d90c1a2a0b68e7b24495ede3d533ed2988b6085b2b5af6d802ca	text/rtf	2022-05-11T08:15:20Z
install.ba_	1n5Belsx6xa96niZ2Ag3UYa7NHgMvL3zc	2292	2292	4ed9f5144b08c914fd0b697d06de78836a62f4239486ba80457418cf9dbce304	application/octet-stream	2022-05-11T08:15:20Z
install.sh	1L0edHm1HRE7EF5U_F35Zh200mCJMWodY	1751	1751	7bb061117287e7505e85bb6f3129cebd7fc8cb6b8824a01d4db7b57ba44a10e3	application/x-sh	2022-05-11T08:15:20Z
